model,accuracy,precision,recall,f1,roc_auc
Logistic Regression,0.9833333333333333,0.9142857142857143,1.0,0.9552238805970149,0.9976773648648649
Cosine Similarity,0.9666666666666667,0.8421052631578947,1.0,0.9142857142857143,0.9972550675675675
