Model,Accuracy,Precision,Recall,F1,ROC-AUC
Logistic Regression,0.9833333333333333,0.9142857142857143,1.0,0.9552238805970149,0.9976773648648649
Random Forest,0.9777777777777777,1.0,0.875,0.9333333333333333,0.9992609797297297
Cosine Similarity,0.9666666666666667,0.8421052631578947,1.0,0.9142857142857143,0.9972550675675675
Weighted KNN,0.9444444444444444,0.84375,0.84375,0.84375,0.9913429054054054
Neural Network,0.9444444444444444,0.8235294117647058,0.875,0.8484848484848485,0.9854307432432432
